طول القمرين عند الغروب على نور الأنوار,,,,,,,,,,,,,,,,,,,,,,.,','',,,,,,,,.,',''
,يوم,وسط الشمس A,,,خاصة الشمس B,,,وسط القمر C,,,,خاصة القمر D,,,عقدة القمر E,,,,,الحصة المعدلة(دليل خامس),A,,,,,مطالع الغروب للقمر,,,,,R,,,
,H,.,','',.,','',.,','',,.,','',.,','',,,طول الشمس,B,,,,,=J+P,,,,,,,,
,,,,,,,,,,,,,,,,,,,,طول القمر,C,,,,,*قوس المكث,,,,,S,,,
Tahun (                    ),,,,,,,,,,,,,,,,,,,,عرض البلد,D,,,,,=R-Q,,,,,,,,
Bulan (                     ),,,,,,,,,,,,,,,,,,,,عرض القمر,A,,,,,فضل الدائر,,,,,T,,,
"Hari (28,29,30)",,,,,,,,,,,,,,,,,,,,=sin -1(sin A x sin 5°),,,,,,=J-S,,,,,,,,
Selisih Thul (-) ,,,,,,,,,,,,,,,,,,,,الميل الأول للشمس,E,,,,,ارتفاع الهلال الحقيقي,,,,,U,,,
Hasil Jumlah,,,,,,,,,,,,,,,,,,,,=sin -1(sin B x sin 23.45),,,,,,=sin -1(sin D x sin H+cos D x cos H x cos  T),,,,,,,,
Jam Ghurub (        ),,,,,,,,,,,,,,,,,,,,الميل الثاني للقمر,F,,,,,مكث الهلال,,,,,V,,,
Menit Ghurub (       ),,,,,,,,,,,,,,,,,,,,=tan -1(sin C x tan 23.45),,,,,,=(S+U)/2/15,,,,,,,,
Hasil Jumlah,,,,,,,,,,,,,,,,,,,,العرض المعدل,G,,,,,سعة المغرب,,,,,W,,,
Daqoiq Tafawut (       ),,,,,,,,,,,,,,,,,,,,=A+F,,,,,,=sin -1(sin E / cos D),,,,,,,,
Harokat Mathlubah,,,,,,,,,,,,,,,,,,(1,,بعد القمر الأول,H,,,,,سمت الارتفاع**,,,,,X,,,
Ta'dil Syamsi (+|-),,,,,Dalil I,,,,,,,,,,,,,T.U (+|-),,=sin -1(cos 23.45 x sin G/cos F),,,,,,=cos -1(sin T x cos H / cos U),,,,,,,,
Thul Syamsi,,,,,(2,T.Q1 (+|-),,,,,,,,,,,,C IV(+),,نصف قوس النهار للشمس,I,,,,,المحفوظ***,,,,,Y,,,
,,,,,,T.Q2 (+|-),,,,,,,,,,,,Dalil V,,=cos-1-(tan D x tan E +1/cos D x 1/cos E x sin 1°13'),,,,,,=X-W,,,,,,,,
,,,,,C Muaddal II,,,,,,(4,,,,(5,,(10,,,نصف قوس النهار للقمر,J,,,,,نور الهلال,,,,,Z,,,
,.,','',,,T.W3 (+|-),,,,,,,,,T.K 3 (+|-),,,,,=cos-1-(tan D x tan H +1/cos D x 1/cos H x sin 1°13'),,,,,,=(C-B)/15+A/60,,,,,,,,
Harokat Mathlubah|C,,,,,C Muaddal III,,,,,,(7,,,,(6,,,,,قوس الباقي للشمس,K,,,,,,,,,,,,,
Thul Syamsi (-),,,,,,T.W4 (+|-),,,,,,Dalil III,,,,,,,,=sin -1(cos B / cos E),,,,,,* Jika hasilnya positif Hilal diatas ufuq.,,,,,,,,
Hasil Pengurangan,,,,,C Muaddal IV,,,,,,(9,,,,,,,,,المطالع الفلكية للشمس,L,,,,,** jika positif arah hilal diutara jika negatif arah hilal diselatan,,,,,,,,
Kali 2,,,,,,T.W5 (+|-),,,,,,Bu'dul Mthlaq,,,,,,,,"B<= 90=180-K|B=<180=180+K
B=<270=360-K| B=<360=0+K      ",,,,,,"*** Jika tinggi hilal kurang dari 2/3 mahfudh maka keadaan
hilal terlentang, jika tidak demikian maka miring
ke utara (mahfudh positif)atau ke selatan (mahfudh negatif).",,,,,,,,
Harokat Mathlubah|D,,,,,Thul Qomar,,,,,,(11,Thul Q,,,,,,,,,,,,,,,,,,,,,,
Hasil Pengurangan*,,,,(3,,,,,,,,Thul S (-),,,,,,,,الميل الأول للقمر,M,,,,,,,,,,,,,
,Dalil II,,,,,,,.,','',,,,,,,,(12,,=sin -1(sin C x sin 23.45),,,,,,,,,,,,,,
*jika hasilnya negatif maka tambah 360,,,,,Sabaq Q I (+),,,,,,,,,,,,,,,بعد القمر الثاني,N,,,,,Awal Bulan __________ ,,,,,,,,
,.,','',,Sabaq Q II(+|-),,,,,,,,,,,,,,,=(M+H)/2,,,,,,Ijtima' ,,,,,,,,
C Muaddal III,,,,,Sabaq Q III (+|-),,,,,,,,,,,,,,,قوس الباقي للقمر,O,,,,,Waktu Ijtima'  (13,,,,,,,,
Thul S (-),,,,,Hasil Jumlah,,,,,,,,,,,,,,,=sin -1(cos C / cos N)*,,,,,,Azimut Matahari (W),,,,,,,,
(8,,,,,Sabaq S (-),,,,,,,,,,,,,,,المطالع الفلكية للقمر,P,,,,,Azimut Hilal (X),,,,,,,,
,Dalil IV,,,,Sabaq Muaddal,,,,,,,,,,,,,,,"C<= 90=180-O|C=<180=180+O
C=<270=360-O| C=<360=0+O      ",,,,,,Arah Hilal **,,,,,,,,
,,,,,Bu'dul Muthlaq,,,,,,,,,,,,,,,,,,,,,Kemiringan ***,,,,,,,,
,,,,,Sabaq Muaddal,,,,,,(/),,,,,,,,,مطالع الغروب للشمس,Q,,,,,Tinggi Hilal (U),,,,,,,,
,,,,,Waktu Ijtima',,,,,,(13,,,,,,,,,=I+L,,,,,,Lama Hilal ,,,,,,,,
Rumus : A-(A-B)xC,,,,,,,,,,,,,,,,,,,,* Jika Error maka gunakan rumus,,,,,,Cahaya Hilal (Z),,,,,,,,
Nama Ta'dil,,Sumber,,,Nama Ta'dil,,,,,Sumber,,,,,,,,,,=sin -1(cos N / cos C),,,,,,Matahari Terbenam ,,,,,,,,
Taldil Syamsi,,Dalil I,,(2,Ta'dil Uqdah,,,,,Dalil I,,,,,(10,,,,,,,,,,,Markaz Kitab ,,,,,,,,
Ta'dil Qomar I(T.Q 1),,Dalil I,,(4,Ta'dil Wasath 5(T.W 5),,,,,Dalil V,,,,,(11,,,,,,,,,,,Markaz Garapan ,,,,,,,,
Ta'dil Qomar 2(T.Q 2),,Dalil II,,(4,Sabaq Q I,,,,,Dalil III,,,,,(13,,,,,,,,,,,,,,,,,,,
Ta'dil Khossoh 3(T.K3),,Dalil I,,(6,Sabaq Q II,,,,,Dalil II,,,,,(13,,,,,,,,,,,,,,,,,,,
Ta'dil Wasath 3(T.W 3),,Dalil III,,(7,Sabaq Q III,,,,,Bu'dul Mthlaq,,,,,(13,,,,,,,,,,,,,,,,,,,
Ta'dil Wasath 4(T.W 4),,Dalil IV,,(9,Sabaq S,,,,,Dalil I,,,,,(13,,,,,,,,,,,,,,,,,,,
Rumus Ghurub :,Mai Awal,,(A):,sin-1( sin A x sin 23.45),,,,,B. Quther,,(B):,,sin-1( sin A x sin LT),,,,,,,,,,,,,,,,,,,,,
,A. Mutlaq,,(C):,sin-1( cos A x cos LT),,,,,Ghurub,,,,cos-1 -((sin 0.808 + sin B)/sin C)/15,,,,,,,,,,,,,,,,,,,,,
